,duration,protocol_type,service,flag,src_bytes,dst_bytes,land,wrong_fragment,urgent,hot,num_failed_logins,logged_in,num_compromised,root_shell,su_attempted,num_root,num_file_creations,num_shells,num_access_files,num_outbound_cmds,is_host_login,is_guest_login,count,srv_count,serror_rate,srv_serror_rate,rerror_rate,srv_rerror_rate,same_srv_rate,diff_srv_rate,srv_diff_host_rate,dst_host_count,dst_host_srv_count,dst_host_same_srv_rate,dst_host_diff_srv_rate,dst_host_same_src_port_rate,dst_host_srv_diff_host_rate,dst_host_serror_rate,dst_host_srv_serror_rate,dst_host_rerror_rate,dst_host_srv_rerror_rate,class,Prediction,Actual
15188,113,tcp,telnet,SF,6274,16771,0,0,0,5,0,1,2,1,0,0,0,0,0,0,0,0,1,1,0.0,0.0,0.0,0.0,1.0,0.0,0.0,1,1,1.0,0.0,1.0,0.0,0.0,0.0,0.0,0.0,anomaly,normal,anomaly
3712,27,tcp,ftp,SF,1499,4152,0,0,0,30,0,1,0,0,0,0,0,0,0,0,0,1,1,1,0.0,0.0,0.0,0.0,1.0,0.0,0.0,255,42,0.16,0.01,0.0,0.0,0.0,0.0,0.0,0.0,normal,anomaly,normal
11448,708,tcp,telnet,SF,1727,24080,0,0,0,0,0,1,6,0,0,7,0,0,0,0,0,0,1,1,0.0,0.0,0.0,0.0,1.0,0.0,0.0,255,3,0.01,0.02,0.0,0.0,0.0,0.0,0.0,0.0,anomaly,normal,anomaly
20508,0,udp,private,SF,105,0,0,0,0,0,0,0,0,0,0,0,0,0,0,0,0,0,2,2,0.0,0.0,0.0,0.0,1.0,0.0,0.0,3,3,1.0,0.0,0.67,0.0,0.0,0.0,0.0,0.0,normal,anomaly,normal
10569,5057,tcp,ftp_data,SF,5135678,0,0,0,0,0,0,1,0,0,0,0,0,0,0,0,0,0,1,1,0.0,0.0,0.0,0.0,1.0,0.0,0.0,1,1,1.0,0.0,1.0,0.0,0.0,0.0,0.0,0.0,anomaly,normal,anomaly
24419,0,icmp,eco_i,SF,30,0,0,0,0,0,0,0,0,0,0,0,0,0,0,0,0,0,1,1,0.0,0.0,0.0,0.0,1.0,0.0,0.0,17,123,1.0,0.0,1.0,0.44,0.0,0.0,0.0,0.0,normal,anomaly,normal
20272,0,icmp,eco_i,SF,30,0,0,0,0,0,0,0,0,0,0,0,0,0,0,0,0,0,1,1,0.0,0.0,0.0,0.0,1.0,0.0,0.0,88,131,1.0,0.0,1.0,0.18,0.0,0.0,0.0,0.0,normal,anomaly,normal
11847,0,icmp,eco_i,SF,30,0,0,0,0,0,0,0,0,0,0,0,0,0,0,0,0,0,1,1,0.0,0.0,0.0,0.0,1.0,0.0,0.0,62,90,0.98,0.03,0.98,0.18,0.0,0.0,0.0,0.0,normal,anomaly,normal
19744,0,tcp,pop_3,SF,38,130,0,0,0,0,0,1,0,0,0,0,0,0,0,0,0,0,1,1,0.0,0.0,0.0,0.0,1.0,0.0,0.0,1,8,1.0,0.0,1.0,0.38,0.0,0.0,0.0,0.0,normal,anomaly,normal
23207,0,tcp,telnet,S1,5386,391074,0,0,0,0,0,1,0,0,0,0,0,0,0,0,0,0,1,1,1.0,1.0,0.0,0.0,1.0,0.0,0.0,255,2,0.01,0.07,0.0,0.0,0.93,0.5,0.0,0.0,normal,anomaly,normal
19043,0,udp,other,SF,516,4,0,0,0,0,0,0,0,0,0,0,0,0,0,0,0,0,12,12,0.0,0.0,0.0,0.0,1.0,0.0,0.0,12,12,1.0,0.0,1.0,0.0,0.0,0.0,0.0,0.0,normal,anomaly,normal
23962,0,tcp,ftp_data,SF,245,0,0,0,0,0,0,1,0,0,0,1,0,0,0,0,0,0,2,2,0.0,0.0,0.0,0.0,1.0,0.0,0.0,2,31,1.0,0.0,1.0,0.1,0.0,0.0,0.0,0.0,normal,anomaly,normal
13783,0,tcp,http,S2,236,0,0,0,0,2,0,1,0,0,0,0,0,0,0,0,0,0,1,1,1.0,1.0,0.0,0.0,1.0,0.0,0.0,3,255,1.0,0.0,0.33,0.04,0.33,0.0,0.0,0.0,normal,anomaly,normal
9434,0,icmp,ecr_i,SF,18,0,0,0,0,0,0,0,0,0,0,0,0,0,0,0,0,0,1,1,0.0,0.0,0.0,0.0,1.0,0.0,0.0,9,9,1.0,0.0,1.0,0.0,0.0,0.0,0.0,0.0,anomaly,normal,anomaly
23336,0,tcp,other,SF,334,0,0,0,0,0,0,1,0,0,0,0,0,0,0,0,0,0,1,1,0.0,0.0,0.0,0.0,1.0,0.0,0.0,5,1,0.2,0.4,1.0,0.0,0.0,0.0,0.0,0.0,anomaly,normal,anomaly
17495,0,icmp,eco_i,SF,30,0,0,0,0,0,0,0,0,0,0,0,0,0,0,0,0,0,1,1,0.0,0.0,0.0,0.0,1.0,0.0,0.0,81,131,1.0,0.0,1.0,0.2,0.0,0.0,0.0,0.0,normal,anomaly,normal
20716,0,icmp,eco_i,SF,30,0,0,0,0,0,0,0,0,0,0,0,0,0,0,0,0,0,1,1,0.0,0.0,0.0,0.0,1.0,0.0,0.0,4,91,1.0,0.0,1.0,0.49,0.0,0.0,0.0,0.0,normal,anomaly,normal
20813,0,tcp,ftp_data,SF,0,467968,0,0,0,0,0,0,0,0,0,0,0,0,0,0,0,0,1,1,0.0,0.0,0.0,0.0,1.0,0.0,0.0,2,2,1.0,0.0,1.0,0.0,0.0,0.0,0.0,0.0,anomaly,normal,anomaly
15232,12,tcp,ftp_data,SF,7045,0,0,0,0,0,0,1,0,0,0,0,0,0,0,0,0,0,1,1,0.0,0.0,0.0,0.0,1.0,0.0,0.0,255,62,0.24,0.13,0.34,0.0,0.02,0.02,0.0,0.0,anomaly,normal,anomaly
16789,0,icmp,ecr_i,SF,20,0,0,0,0,0,0,0,0,0,0,0,0,0,0,0,0,0,1,1,0.0,0.0,0.0,0.0,1.0,0.0,0.0,255,1,0.0,0.02,0.02,0.0,0.0,0.0,0.0,0.0,anomaly,normal,anomaly
1060,0,tcp,ftp,SF,1195,2449,0,0,0,28,0,1,0,0,0,0,0,0,0,0,0,1,1,1,0.0,0.0,0.0,0.0,1.0,0.0,0.0,116,14,0.12,0.05,0.01,0.0,0.02,0.0,0.07,0.0,anomaly,normal,anomaly
6107,0,icmp,eco_i,SF,20,0,0,0,0,0,0,0,0,0,0,0,0,0,0,0,0,0,1,1,0.0,0.0,0.0,0.0,1.0,0.0,0.0,88,4,0.05,0.06,0.05,0.0,0.0,0.0,0.0,0.0,anomaly,normal,anomaly
15831,27,tcp,ftp,SF,1473,4152,0,0,0,30,0,1,0,0,0,0,0,0,0,0,0,1,1,1,0.0,0.0,0.0,0.0,1.0,0.0,0.0,110,25,0.23,0.05,0.01,0.0,0.0,0.0,0.03,0.04,normal,anomaly,normal
24940,0,icmp,eco_i,SF,30,0,0,0,0,0,0,0,0,0,0,0,0,0,0,0,0,0,1,1,0.0,0.0,0.0,0.0,1.0,0.0,0.0,35,90,0.97,0.06,0.97,0.32,0.0,0.0,0.0,0.0,normal,anomaly,normal
2826,0,tcp,ftp_data,SF,334,0,0,0,0,0,0,1,0,0,0,0,0,0,0,0,0,0,2,2,0.0,0.0,0.0,0.0,0.5,1.0,1.0,6,24,0.83,0.33,1.0,0.12,0.0,0.0,0.0,0.0,anomaly,normal,anomaly
5872,0,tcp,http,S2,320,0,0,0,0,2,0,1,0,0,0,0,0,0,0,0,0,0,1,1,1.0,1.0,0.0,0.0,1.0,0.0,0.0,61,255,1.0,0.0,0.02,0.01,0.02,0.0,0.0,0.0,normal,anomaly,normal
13093,30,tcp,ftp,SF,1479,4145,0,0,0,30,0,1,0,0,0,0,0,0,0,0,0,1,1,1,0.0,0.0,0.0,0.0,1.0,0.0,0.0,236,31,0.13,0.03,0.0,0.0,0.0,0.0,0.0,0.0,normal,anomaly,normal
3296,0,tcp,http,SF,280,2835,0,0,0,0,0,1,0,0,0,0,0,0,0,0,0,0,1,1,0.0,0.0,0.0,0.0,1.0,0.0,0.0,1,26,1.0,0.0,1.0,0.08,0.0,0.0,0.0,0.0,normal,anomaly,normal
18522,0,icmp,urp_i,SF,181,0,0,0,0,0,0,0,0,0,0,0,0,0,0,0,0,0,2,1,0.0,0.0,0.0,0.0,0.5,1.0,0.0,2,1,0.5,1.0,1.0,0.0,0.0,0.0,0.0,0.0,normal,anomaly,normal
21719,0,icmp,eco_i,SF,30,0,0,0,0,0,0,0,0,0,0,0,0,0,0,0,0,0,1,1,0.0,0.0,0.0,0.0,1.0,0.0,0.0,11,91,1.0,0.0,1.0,0.45,0.0,0.0,0.0,0.0,normal,anomaly,normal
3904,0,tcp,http,SF,158,26866,0,0,0,2,0,1,0,0,0,0,0,0,0,0,0,0,1,4,0.0,0.25,0.0,0.0,1.0,0.0,0.5,255,255,1.0,0.0,0.0,0.0,0.0,0.0,0.0,0.0,normal,anomaly,normal
15931,169,tcp,telnet,SF,1567,2857,0,0,0,3,0,1,4,1,0,0,1,0,0,0,0,0,1,1,0.0,0.0,0.0,0.0,1.0,0.0,0.0,1,1,1.0,0.0,1.0,0.0,0.0,0.0,0.0,0.0,anomaly,normal,anomaly
13378,156,tcp,ftp,SF,950,2551,0,0,0,18,0,1,0,0,0,0,21,0,0,0,0,1,1,1,0.0,0.0,0.0,0.0,1.0,0.0,0.0,218,1,0.0,0.03,0.0,0.0,0.01,0.0,0.07,0.0,anomaly,normal,anomaly
13538,0,tcp,X11,REJ,0,0,0,0,0,0,0,0,0,0,0,0,0,0,0,0,0,0,1,1,0.0,0.0,1.0,1.0,1.0,0.0,0.0,255,1,0.0,0.33,0.0,0.0,0.0,0.0,0.11,1.0,anomaly,normal,anomaly
16631,1,tcp,ftp,SF,1228,2449,0,0,0,28,0,1,0,0,0,0,0,0,0,0,0,1,1,1,0.0,0.0,0.0,0.0,1.0,0.0,0.0,107,5,0.05,0.06,0.01,0.0,0.02,0.0,0.07,0.0,anomaly,normal,anomaly
10740,0,tcp,time,SF,6,4,0,0,0,0,0,1,0,0,0,0,0,0,0,0,0,0,2,1,0.0,0.0,0.5,0.0,0.5,1.0,0.0,120,1,0.01,0.13,0.01,0.0,0.0,0.0,0.03,0.0,anomaly,normal,anomaly
6032,0,tcp,ftp_data,SF,12,0,0,0,0,0,0,1,0,0,0,0,0,0,0,0,0,0,2,2,0.0,0.0,0.0,0.0,1.0,0.0,0.0,6,26,1.0,0.0,1.0,0.08,0.0,0.0,0.0,0.0,normal,anomaly,normal
12241,50,tcp,ftp,SF,1508,4152,0,0,0,30,0,1,0,0,0,0,0,0,0,0,0,1,1,1,0.0,0.0,0.0,0.0,1.0,0.0,0.0,104,28,0.27,0.04,0.01,0.0,0.0,0.0,0.0,0.0,normal,anomaly,normal
1356,0,icmp,eco_i,SF,30,0,0,0,0,0,0,0,0,0,0,0,0,0,0,0,0,0,1,1,0.0,0.0,0.0,0.0,1.0,0.0,0.0,19,125,1.0,0.0,1.0,0.43,0.0,0.0,0.0,0.0,normal,anomaly,normal
957,0,tcp,ftp_data,SF,495,0,0,0,0,0,0,1,0,0,0,5,0,0,0,0,0,0,1,1,0.0,0.0,0.0,0.0,1.0,0.0,0.0,1,30,1.0,0.0,1.0,0.1,0.0,0.0,0.0,0.0,normal,anomaly,normal
501,0,tcp,http,SF,172,12793,0,0,0,2,0,1,0,0,0,0,0,0,0,0,0,0,1,2,0.0,0.0,0.0,0.0,1.0,0.0,1.0,255,255,1.0,0.0,0.0,0.0,0.0,0.0,0.0,0.0,normal,anomaly,normal
6023,0,udp,private,SF,1,0,0,0,0,0,0,0,0,0,0,0,0,0,0,0,0,0,2,1,0.0,0.0,0.0,0.0,0.5,1.0,0.0,146,1,0.01,0.05,0.01,0.0,0.01,0.0,0.0,0.0,anomaly,normal,anomaly
20764,0,tcp,ftp_data,SF,334,0,0,0,0,0,0,1,0,0,0,0,0,0,0,0,0,0,2,2,0.0,0.0,0.0,0.0,1.0,0.0,0.0,226,87,0.37,0.02,0.37,0.02,0.0,0.0,0.0,0.0,anomaly,normal,anomaly
16649,0,tcp,ftp_data,SF,334,0,0,0,0,0,0,1,0,0,0,0,0,0,0,0,0,0,2,2,0.0,0.0,0.0,0.0,1.0,0.0,0.0,12,12,1.0,0.0,1.0,0.0,0.0,0.0,0.0,0.0,anomaly,normal,anomaly
7863,0,tcp,http,S2,236,0,0,0,0,3,0,1,0,0,0,0,0,0,0,0,0,0,3,3,0.33,0.33,0.0,0.0,1.0,0.0,0.0,6,255,1.0,0.0,0.17,0.06,0.17,0.0,0.0,0.0,normal,anomaly,normal
14139,0,icmp,eco_i,SF,30,0,0,0,0,0,0,0,0,0,0,0,0,0,0,0,0,0,1,1,0.0,0.0,0.0,0.0,1.0,0.0,0.0,34,90,0.97,0.06,0.97,0.33,0.0,0.0,0.0,0.0,normal,anomaly,normal
19064,0,icmp,ecr_i,SF,1032,0,0,0,0,0,0,0,0,0,0,0,0,0,0,0,0,0,13,13,0.0,0.0,0.0,0.0,1.0,0.0,0.0,255,255,1.0,0.0,1.0,0.0,0.0,0.0,0.0,0.0,anomaly,normal,anomaly
15449,1,tcp,smtp,SF,122,232,0,0,0,0,0,1,0,0,0,0,0,0,0,0,0,0,1,1,0.0,0.0,0.0,0.0,1.0,0.0,0.0,87,43,0.2,0.82,0.01,0.05,0.01,0.02,0.78,0.05,normal,anomaly,normal
21849,27,tcp,ftp,SF,1490,4152,0,0,0,30,0,1,0,0,0,0,0,0,0,0,0,1,1,1,0.0,0.0,0.0,0.0,1.0,0.0,0.0,122,36,0.3,0.04,0.01,0.0,0.0,0.0,0.0,0.0,normal,anomaly,normal
8336,0,tcp,http,REJ,0,0,0,0,0,0,0,0,0,0,0,0,0,0,0,0,0,0,1,1,0.0,0.0,1.0,1.0,1.0,0.0,0.0,3,2,0.67,0.67,0.33,0.0,0.0,0.0,0.67,1.0,normal,anomaly,normal
12666,0,icmp,eco_i,SF,18,0,0,0,0,0,0,0,0,0,0,0,0,0,0,0,0,0,2,1,0.0,0.0,0.0,0.0,0.5,1.0,0.0,3,27,1.0,0.0,1.0,0.26,0.0,0.0,0.0,0.0,anomaly,normal,anomaly
12393,0,icmp,ecr_i,SF,1032,0,0,0,0,0,0,0,0,0,0,0,0,0,0,0,0,0,43,43,0.0,0.0,0.0,0.0,1.0,0.0,0.0,255,43,0.17,0.02,0.17,0.0,0.0,0.0,0.0,0.0,anomaly,normal,anomaly
842,0,tcp,private,RSTR,0,0,0,0,0,0,0,0,0,0,0,0,0,0,0,0,0,0,1,1,0.0,0.0,1.0,1.0,1.0,0.0,0.0,53,1,0.02,0.15,0.09,0.0,0.11,0.0,0.09,1.0,anomaly,normal,anomaly
13210,0,tcp,finger,S0,0,0,1,0,0,0,0,0,0,0,0,0,0,0,0,0,0,0,1,2,1.0,1.0,0.0,0.0,1.0,0.0,1.0,1,5,1.0,0.0,1.0,1.0,1.0,1.0,0.0,0.0,normal,anomaly,normal
12439,0,icmp,ecr_i,SF,8,0,0,0,0,0,0,0,0,0,0,0,0,0,0,0,0,0,1,1,0.0,0.0,0.0,0.0,1.0,0.0,0.0,2,2,1.0,0.0,1.0,0.0,0.0,0.0,0.0,0.0,anomaly,normal,anomaly
10216,0,tcp,ftp_data,SF,334,0,0,0,0,0,0,1,0,0,0,0,0,0,0,0,0,0,2,2,0.0,0.0,0.0,0.0,1.0,0.0,0.0,255,85,0.33,0.07,0.35,0.0,0.01,0.04,0.0,0.0,anomaly,normal,anomaly
1735,0,tcp,auth,SF,10,39,0,0,0,0,0,1,0,0,0,0,0,0,0,0,0,0,1,1,0.0,0.0,0.0,0.0,1.0,0.0,0.0,1,12,1.0,0.0,1.0,0.25,0.0,0.0,0.0,0.0,normal,anomaly,normal
23504,0,icmp,eco_i,SF,18,0,0,0,0,0,0,0,0,0,0,0,0,0,0,0,0,0,1,1,0.0,0.0,0.0,0.0,1.0,0.0,0.0,3,3,1.0,0.0,1.0,0.0,0.0,0.0,0.0,0.0,anomaly,normal,anomaly
10655,0,tcp,http,SF,143,51823,0,0,0,3,0,1,0,0,0,0,0,0,0,0,0,0,1,8,0.0,0.0,0.0,0.0,1.0,0.0,0.38,255,255,1.0,0.0,0.0,0.0,0.0,0.0,0.0,0.0,normal,anomaly,normal
15454,0,tcp,finger,SF,5,0,0,0,0,0,0,0,0,0,0,0,0,0,0,0,0,0,34,1,0.0,0.0,0.0,0.0,0.03,0.06,0.0,102,5,0.01,0.06,0.01,0.4,0.0,0.0,0.0,0.0,anomaly,normal,anomaly
11215,0,icmp,eco_i,SF,18,0,0,0,0,0,0,0,0,0,0,0,0,0,0,0,0,0,2,1,0.0,0.0,0.5,0.0,0.5,1.0,0.0,14,245,0.29,0.14,0.29,0.25,0.0,0.0,0.07,0.0,anomaly,normal,anomaly
11855,0,tcp,http,SF,336,791,0,0,0,0,0,1,0,0,0,0,0,0,0,0,0,0,1,1,0.0,0.0,0.0,0.0,1.0,0.0,0.0,1,101,1.0,0.0,1.0,0.15,0.0,0.0,0.0,0.0,normal,anomaly,normal
5831,0,tcp,ftp_data,SF,0,5828,0,0,0,0,0,1,0,0,0,0,0,0,0,0,0,0,2,2,0.0,0.0,0.0,0.0,1.0,0.0,0.0,2,2,1.0,0.0,1.0,0.0,0.0,0.0,0.0,0.0,anomaly,normal,anomaly
525,30,tcp,ftp,SF,1458,4152,0,0,0,30,0,1,0,0,0,0,0,0,0,0,0,1,1,1,0.0,0.0,0.0,0.0,1.0,0.0,0.0,158,40,0.25,0.03,0.01,0.0,0.0,0.0,0.0,0.0,normal,anomaly,normal
18660,31,tcp,ftp,SF,1505,4152,0,0,0,30,0,1,0,0,0,0,0,0,0,0,0,1,1,1,0.0,0.0,0.0,0.0,1.0,0.0,0.0,255,43,0.17,0.02,0.0,0.0,0.0,0.0,0.0,0.0,normal,anomaly,normal
13256,0,tcp,http,SF,158,4049,0,0,0,2,0,1,0,0,0,0,0,0,0,0,0,0,3,6,0.0,0.0,0.0,0.0,1.0,0.0,0.33,255,255,1.0,0.0,0.0,0.0,0.0,0.0,0.0,0.0,normal,anomaly,normal
20280,0,tcp,smtp,RSTR,0,0,0,0,0,0,0,0,0,0,0,0,0,0,0,0,0,0,1,1,0.0,0.0,1.0,1.0,1.0,0.0,0.0,255,10,0.04,0.11,0.1,0.0,0.0,0.0,0.1,0.1,anomaly,normal,anomaly
22802,12,tcp,ftp_data,SF,7045,0,0,0,0,0,0,1,0,0,0,0,0,0,0,0,0,0,3,2,0.0,0.0,0.0,0.0,0.67,0.67,0.0,255,83,0.33,0.07,0.35,0.0,0.02,0.05,0.0,0.0,anomaly,normal,anomaly
2043,0,icmp,urp_i,SF,182,0,0,0,0,0,0,0,0,0,0,0,0,0,0,0,0,0,1,1,0.0,0.0,0.0,0.0,1.0,0.0,0.0,4,1,0.25,0.5,0.25,0.0,0.0,0.0,0.0,0.0,normal,anomaly,normal
23348,0,tcp,daytime,RSTR,0,0,0,0,0,0,0,0,0,0,0,0,0,0,0,0,0,0,1,1,0.0,0.0,1.0,1.0,1.0,0.0,0.0,172,1,0.01,0.05,0.02,0.0,0.0,0.0,0.03,1.0,anomaly,normal,anomaly
24810,0,tcp,finger,SF,9,196,0,0,0,1,0,0,0,0,0,0,0,0,0,0,0,0,5,5,0.0,0.0,0.0,0.0,1.0,0.0,0.0,155,7,0.05,0.06,0.01,0.0,0.01,0.0,0.0,0.0,anomaly,normal,anomaly
25117,102,tcp,ftp,SF,1466,4152,0,0,0,30,0,1,0,0,0,0,0,0,0,0,0,1,1,1,0.0,0.0,0.0,0.0,1.0,0.0,0.0,133,33,0.25,0.03,0.01,0.0,0.0,0.0,0.0,0.0,normal,anomaly,normal
11541,0,udp,private,SF,100,0,0,0,0,0,0,0,0,0,0,0,0,0,0,0,0,0,1,1,0.0,0.0,0.0,0.0,1.0,0.0,0.0,227,37,0.16,0.01,0.16,0.0,0.0,0.0,0.0,0.0,anomaly,normal,anomaly
22107,103,tcp,telnet,SF,179,24566,0,0,0,0,0,1,0,0,0,0,0,0,0,0,0,0,1,1,0.0,0.0,0.0,0.0,1.0,0.0,0.0,1,6,1.0,0.0,1.0,0.5,0.0,0.17,0.0,0.17,normal,anomaly,normal
13838,0,tcp,discard,RSTR,0,0,0,0,0,0,0,0,0,0,0,0,0,0,0,0,0,0,1,1,0.0,0.0,1.0,1.0,1.0,0.0,0.0,255,1,0.0,0.05,0.04,0.0,0.0,0.0,0.04,1.0,anomaly,normal,anomaly
4812,0,udp,private,SF,100,0,0,0,0,0,0,0,0,0,0,0,0,0,0,0,0,0,2,2,0.0,0.0,0.0,0.0,1.0,0.0,0.0,80,10,0.12,0.03,0.12,0.0,0.0,0.0,0.0,0.0,anomaly,normal,anomaly
22262,0,udp,domain_u,SF,1,0,0,0,0,0,0,0,0,0,0,0,0,0,0,0,0,0,21,3,0.0,0.0,0.0,0.0,0.14,0.14,0.0,255,3,0.01,0.92,0.09,0.0,0.03,0.0,0.88,0.0,anomaly,normal,anomaly
16335,28,tcp,ftp,SF,1482,4152,0,0,0,30,0,1,0,0,0,0,0,0,0,0,0,1,1,1,0.0,0.0,0.0,0.0,1.0,0.0,0.0,194,79,0.41,0.03,0.01,0.0,0.0,0.0,0.0,0.0,normal,anomaly,normal
13272,0,icmp,ecr_i,SF,8,0,0,0,0,0,0,0,0,0,0,0,0,0,0,0,0,0,1,1,0.0,0.0,0.0,0.0,1.0,0.0,0.0,6,6,1.0,0.0,1.0,0.0,0.0,0.0,0.0,0.0,anomaly,normal,anomaly
7353,0,tcp,telnet,S1,0,0,0,0,0,0,0,0,0,0,0,0,0,0,0,0,0,0,2,1,0.5,1.0,0.0,0.0,0.5,1.0,0.0,255,1,0.0,0.85,0.0,0.0,0.0,1.0,0.0,0.0,normal,anomaly,normal
22679,27,tcp,ftp,SF,1500,4152,0,0,0,30,0,1,0,0,0,0,0,0,0,0,0,1,1,1,0.0,0.0,0.0,0.0,1.0,0.0,0.0,206,49,0.24,0.02,0.0,0.0,0.0,0.0,0.0,0.0,normal,anomaly,normal
20478,0,icmp,eco_i,SF,30,0,0,0,0,0,0,0,0,0,0,0,0,0,0,0,0,0,1,1,0.0,0.0,0.0,0.0,1.0,0.0,0.0,4,110,1.0,0.0,1.0,0.49,0.0,0.0,0.0,0.0,normal,anomaly,normal
18019,0,udp,private,SF,100,0,0,0,0,0,0,0,0,0,0,0,0,0,0,0,0,0,1,1,0.0,0.0,0.0,0.0,1.0,0.0,0.0,31,1,0.03,0.06,0.03,0.0,0.0,0.0,0.0,0.0,anomaly,normal,anomaly
12318,0,tcp,ftp_data,SF,334,0,0,0,0,0,0,1,0,0,0,0,0,0,0,0,0,0,2,2,0.0,0.0,0.0,0.0,1.0,0.0,0.0,4,4,1.0,0.0,1.0,0.0,0.0,0.0,0.0,0.0,anomaly,normal,anomaly
15177,0,tcp,finger,S1,9,0,0,0,0,0,0,0,0,0,0,0,0,0,0,0,0,0,1,1,1.0,1.0,0.0,0.0,1.0,0.0,0.0,4,7,0.5,0.5,0.25,0.43,1.0,0.29,0.0,0.0,normal,anomaly,normal
18619,0,tcp,http,REJ,0,0,0,0,0,0,0,0,0,0,0,0,0,0,0,0,0,0,5,1,0.0,0.0,0.4,1.0,0.2,0.6,0.0,158,1,0.01,0.07,0.01,0.0,0.01,0.0,0.01,1.0,anomaly,normal,anomaly
9322,0,icmp,eco_i,SF,30,0,0,0,0,0,0,0,0,0,0,0,0,0,0,0,0,0,1,1,0.0,0.0,0.0,0.0,1.0,0.0,0.0,37,90,0.97,0.05,0.97,0.31,0.0,0.0,0.0,0.0,normal,anomaly,normal
5479,0,tcp,ftp,SF,1242,2449,0,0,0,28,0,1,0,0,0,0,0,0,0,0,0,1,1,1,0.0,0.0,0.0,0.0,1.0,0.0,0.0,109,7,0.06,0.06,0.01,0.0,0.02,0.0,0.07,0.0,anomaly,normal,anomaly
21655,31,tcp,ftp,SF,1525,4152,0,0,0,30,0,1,0,0,0,0,0,0,0,0,0,1,1,1,0.0,0.0,0.0,0.0,1.0,0.0,0.0,150,20,0.13,0.05,0.01,0.0,0.02,0.0,0.0,0.0,normal,anomaly,normal
4004,31,tcp,ftp,SF,1528,4152,0,0,0,25,0,1,0,0,0,0,0,0,0,0,0,1,1,1,0.0,0.0,0.0,0.0,1.0,0.0,0.0,255,42,0.16,0.02,0.0,0.0,0.0,0.0,0.0,0.0,normal,anomaly,normal
24156,0,icmp,eco_i,SF,30,0,0,0,0,0,0,0,0,0,0,0,0,0,0,0,0,0,1,1,0.0,0.0,0.0,0.0,1.0,0.0,0.0,2,108,1.0,0.0,1.0,0.5,0.0,0.0,0.0,0.0,normal,anomaly,normal
11972,0,icmp,eco_i,SF,20,0,0,0,0,0,0,0,0,0,0,0,0,0,0,0,0,0,1,1,0.0,0.0,0.0,0.0,1.0,0.0,0.0,255,1,0.0,0.31,0.0,0.0,0.0,0.0,0.15,0.0,anomaly,normal,anomaly
9001,0,tcp,smtp,SF,1887,391,0,0,0,0,0,1,0,0,0,0,0,0,0,0,0,0,2,1,0.0,0.0,0.0,0.0,0.5,1.0,0.0,255,11,0.04,0.06,0.0,0.0,0.0,0.0,0.95,0.0,normal,anomaly,normal
7040,10,tcp,ftp_data,SF,0,5150180,0,0,0,0,0,0,0,0,0,0,0,0,0,0,0,0,1,1,0.0,0.0,0.0,0.0,1.0,0.0,0.0,17,17,1.0,0.0,1.0,0.0,0.0,0.0,0.0,0.0,anomaly,normal,anomaly
