Predictors,Importance
duration,0.004300230975038584
protocol_type,0.07288337897962573
service,0.006669927313494738
flag,0.000339958650074638
src_bytes,0.7574777430803261
dst_bytes,0.024931181657905362
land,0.0
wrong_fragment,0.0
urgent,0.0
hot,0.021334118180463216
num_failed_logins,0.0
logged_in,0.0008140181581262403
num_compromised,0.0
root_shell,0.0
su_attempted,0.0
num_root,0.0
num_file_creations,0.0
num_shells,0.0
num_access_files,0.0
num_outbound_cmds,0.0
is_host_login,0.0
is_guest_login,0.00011310501327961404
count,0.0001680543857544776
srv_count,0.012294711409995792
serror_rate,0.0005368921525673805
srv_serror_rate,0.0
rerror_rate,0.0007344316619246986
srv_rerror_rate,0.00037984206712250056
same_srv_rate,0.00038174127745811297
diff_srv_rate,0.0
srv_diff_host_rate,0.00011327944914103549
dst_host_count,0.011385068019659824
dst_host_srv_count,0.057479661108415285
dst_host_same_srv_rate,0.0005446763012315702
dst_host_diff_srv_rate,0.004387081725693267
dst_host_same_src_port_rate,0.00904742761495962
dst_host_srv_diff_host_rate,0.006331471447339339
dst_host_serror_rate,0.0006796052347796247
dst_host_srv_serror_rate,0.003300270948454189
dst_host_rerror_rate,0.0011955787883638092
dst_host_srv_rerror_rate,0.0021765443988053775
