Predictors,MDI,Permutation
duration,0.004566910501448778,0.0003175443238952136
protocol_type,0.025857576895181675,0.0009261709446943378
service,0.02613214215187507,0.0016274146599629335
flag,0.09016967813843527,0.0002646202699126521
src_bytes,0.15763683846527712,0.017160624503836975
dst_bytes,0.12189808069444903,0.006046573167504577
land,1.5390627675253187e-05,0.0
wrong_fragment,0.004022055446046492,0.00013231013495629274
urgent,2.980243993316136e-05,0.0
hot,0.009430219716061493,0.002460968510187822
num_failed_logins,0.0002366382628068565,0.0
logged_in,0.06547839704549734,0.00027785128340828135
num_compromised,0.005157714638184141,0.0002646202699126965
root_shell,0.00019324181236774466,0.0
su_attempted,4.120232935690261e-05,0.0
num_root,0.00024322282666180061,0.0
num_file_creations,0.0002477966267923985,0.0
num_shells,2.0340923071527463e-05,0.0
num_access_files,0.00012183644836493428,0.0
num_outbound_cmds,0.0,0.0
is_host_login,0.0,0.0
is_guest_login,0.0008849423153186564,0.0002646202699126965
count,0.02540122464973518,0.00013231013495631493
srv_count,0.017925497881803067,0.00033077533739082063
serror_rate,0.00813385667721103,0.00013231013495629274
srv_serror_rate,0.0157179021116221,5.2924053982517095e-05
rerror_rate,0.010985571295754873,1.3231013495618171e-05
srv_rerror_rate,0.005938143604065103,-2.646202699128075e-05
same_srv_rate,0.11376850246973076,0.00015877216194758458
diff_srv_rate,0.04947666278543344,0.0004101614183646296
srv_diff_host_rate,0.002445974087412015,2.6462026991258548e-05
dst_host_count,0.017800060556653632,7.938608097377565e-05
dst_host_srv_count,0.05918412636181721,0.0012040222281026302
dst_host_same_srv_rate,0.02556763952692593,0.0009394019581899782
dst_host_diff_srv_rate,0.025276319636063208,0.001018788039163765
dst_host_same_src_port_rate,0.03364265058502579,0.004657316750463036
dst_host_srv_diff_host_rate,0.019649569037846037,0.0002910822969039328
dst_host_serror_rate,0.022302254792847025,0.0003572373643821014
dst_host_srv_serror_rate,0.020534290554850964,0.00014554114845195533
dst_host_rerror_rate,0.0071528495115488885,0.00026462026991267427
dst_host_srv_rerror_rate,0.006712875568848176,-6.615506747820188e-05
