,MI,F,Chi2,mrmr,IV
0,src_bytes,is_host_login,is_host_login,same_srv_rate,src_bytes
1,service,num_outbound_cmds,su_attempted,protocol_type,flag
2,dst_bytes,same_srv_rate,is_guest_login,dst_host_srv_count,dst_bytes
3,flag,dst_host_srv_count,num_shells,logged_in,same_srv_rate
4,diff_srv_rate,dst_host_same_srv_rate,num_file_creations,dst_host_same_srv_rate,dst_host_srv_count
5,same_srv_rate,logged_in,serror_rate,dst_host_srv_serror_rate,service
6,dst_host_srv_count,flag,srv_serror_rate,flag,logged_in
7,dst_host_same_srv_rate,dst_host_srv_serror_rate,rerror_rate,dst_host_serror_rate,dst_host_same_srv_rate
8,dst_host_diff_srv_rate,dst_host_serror_rate,srv_rerror_rate,serror_rate,dst_host_serror_rate
9,dst_host_serror_rate,serror_rate,num_root,count,dst_host_diff_srv_rate
10,logged_in,srv_serror_rate,root_shell,srv_serror_rate,serror_rate
11,serror_rate,count,num_outbound_cmds,dst_host_count,count
12,dst_host_srv_serror_rate,dst_host_count,num_compromised,dst_host_diff_srv_rate,dst_host_srv_serror_rate
13,count,protocol_type,logged_in,service,dst_host_srv_diff_host_rate
14,srv_serror_rate,service,num_failed_logins,rerror_rate,diff_srv_rate
15,dst_host_srv_diff_host_rate,rerror_rate,hot,dst_host_srv_rerror_rate,dst_host_count
16,dst_host_same_src_port_rate,dst_host_srv_rerror_rate,urgent,dst_host_rerror_rate,srv_diff_host_rate
17,dst_host_count,srv_rerror_rate,wrong_fragment,srv_rerror_rate,dst_host_same_src_port_rate
18,srv_diff_host_rate,dst_host_rerror_rate,land,diff_srv_rate,protocol_type
19,srv_count,dst_host_diff_srv_rate,dst_host_srv_serror_rate,wrong_fragment,srv_count
20,dst_host_srv_rerror_rate,diff_srv_rate,num_access_files,srv_diff_host_rate,dst_host_rerror_rate
21,protocol_type,srv_diff_host_rate,src_bytes,num_access_files,wrong_fragment
22,rerror_rate,wrong_fragment,dst_host_diff_srv_rate,dst_host_same_src_port_rate,num_access_files
23,dst_host_rerror_rate,dst_host_same_src_port_rate,count,is_guest_login,is_guest_login
24,srv_rerror_rate,dst_host_srv_diff_host_rate,dst_bytes,dst_host_srv_diff_host_rate,su_attempted
25,duration,duration,dst_host_srv_count,duration,root_shell
26,num_compromised,is_guest_login,diff_srv_rate,num_file_creations,num_shells
27,hot,num_access_files,dst_host_same_srv_rate,num_shells,num_failed_logins
28,wrong_fragment,su_attempted,service,urgent,land
29,land,num_root,flag,su_attempted,urgent
30,num_root,num_compromised,same_srv_rate,land,dst_host_srv_rerror_rate
31,root_shell,root_shell,dst_host_serror_rate,num_failed_logins,is_host_login
32,num_access_files,hot,dst_host_srv_diff_host_rate,src_bytes,hot
33,num_shells,num_file_creations,srv_diff_host_rate,num_root,num_compromised
34,urgent,num_shells,dst_host_count,hot,num_root
35,su_attempted,num_failed_logins,dst_host_rerror_rate,root_shell,num_file_creations
36,num_failed_logins,urgent,dst_host_same_src_port_rate,num_compromised,num_outbound_cmds
37,num_file_creations,land,dst_host_srv_rerror_rate,dst_bytes,srv_serror_rate
38,num_outbound_cmds,src_bytes,duration,srv_count,rerror_rate
39,is_guest_login,dst_bytes,srv_count,num_outbound_cmds,srv_rerror_rate
40,is_host_login,srv_count,protocol_type,is_host_login,duration
