,decile,population,cum_positive,gain,lift
0,1,0.09989415189203493,754,0.18686493184634448,1.870629344231353
1,2,0.19992061391902619,1510,0.3742255266418835,1.8718706355786603
2,3,0.29994707594601744,2266,0.5615861214374226,1.872284034329087
3,4,0.3999735379730087,3020,0.748451053283767,1.8712514259737716
4,5,0.5,3776,0.9358116480793061,1.8716232961586121
5,6,0.5998941518920349,4034,0.9997521685254027,1.6665476157289356
6,7,0.6999206139190262,4034,0.9997521685254027,1.428379374237239
7,8,0.7999470759460174,4034,0.9997521685254027,1.2497728894665885
8,9,0.8999735379730087,4034,0.9997521685254027,1.110868404839017
9,10,1.0,4035,1.0,1.0
