,Predictors,Standardized mean score
0,src_bytes,1.3640934776898987
1,dst_host_srv_count,1.0913344306249324
2,same_srv_rate,1.014867388647473
3,num_file_creations,0.9588012595929946
4,flag,0.9328567089151125
5,logged_in,0.912332820651613
6,dst_host_same_srv_rate,0.8466017968609693
7,dst_bytes,0.8191506184425015
8,serror_rate,0.7057255962402997
9,count,0.7021889171914741
10,dst_host_srv_serror_rate,0.695150363388295
11,service,0.5863532486613279
12,dst_host_diff_srv_rate,0.5361396304831547
13,dst_host_serror_rate,0.5090851303631022
14,srv_serror_rate,0.26753046609082215
15,diff_srv_rate,0.24360747517758816
16,dst_host_srv_diff_host_rate,-0.19973230850482854
17,dst_host_count,-0.2402694420914771
18,srv_diff_host_rate,-0.39417021660438717
19,dst_host_same_src_port_rate,-0.4218264639056214
20,protocol_type,-0.4959931418251443
21,rerror_rate,-0.5133618880066644
22,srv_rerror_rate,-0.5214058039338203
23,dst_host_rerror_rate,-0.5542784421938995
24,land,-0.5568336862138294
25,srv_count,-0.5738007886288375
26,dst_host_srv_rerror_rate,-0.5764806626803388
27,wrong_fragment,-0.5916586228734306
28,num_compromised,-0.5984216090256567
29,num_failed_logins,-0.6077704539637874
30,root_shell,-0.614503608193788
31,hot,-0.6151760454058182
32,is_guest_login,-0.619130202496255
33,num_access_files,-0.6206392891772627
34,num_root,-0.6209510283586985
35,su_attempted,-0.6241820672282736
36,num_shells,-0.6243361146122494
37,urgent,-0.62547471899502
38,duration,-0.6619598394852345
39,num_outbound_cmds,-0.8454047639016778
40,is_host_login,-0.8454047639016778
